RecordID,Outcome
89269,1
89144,0
39423,0
35614,1
55787,1
60133,1
89042,1
83133,1
72650,0
82814,1
88470,1
68672,1
41871,1
96868,1
28111,1
22664,1
56647,1
30901,1
62956,0
22588,1
89802,0
68449,0
48219,0
13662,0
30323,1
75799,1
85332,1
35729,1
75325,1
35248,1
59036,1
62421,0
13898,1
21265,1
24161,1
90251,1
31940,1
77051,1
22332,0
69546,1
53025,0
39391,1
16553,1
99175,1
34508,1
24309,0
17782,1
82367,0
82199,0
67243,1
76469,0
63411,1
49326,0
97698,1
73463,1
87024,1
58623,0
75765,1
64879,1
64571,0
31329,0
11292,0
31544,0
10481,0
63271,1
74094,1
55954,0
94175,0
88437,1
58905,0
59996,1
82800,1
20714,1
64028,0
38652,0
66769,1
50254,0
12610,0
88325,0
67878,0
37047,0
49546,1
89740,1
90727,0
74714,0
46467,1
34199,1
68303,1
24559,0
45305,1
42394,1
50378,0
24202,0
82603,1
65996,1
59090,0
43081,0
30180,0
44997,0
87763,0
22595,1
44177,0
99103,1
34263,1
61181,0
68803,0
53287,0
88266,0
43612,0
42281,1
79393,0
33480,1
17553,1
40753,1
97990,0
59598,0
71391,0
84294,0
92397,1
97327,1
23703,0
62705,1
71866,1
89499,1
22472,1
32050,1
28340,1
49992,1
84420,0
80282,1
29689,1
88124,0
84606,0
10547,1
72700,0
77557,1
97985,0
94727,1
98198,1
61733,1
84425,1
80236,1
33006,1
33149,1
16175,1
64171,1
80047,0
21510,1
93055,0
29950,0
87042,1
52920,0
33339,0
80152,1
42650,0
93579,0
67014,1
61935,1
47095,0
35875,1
31482,1
78014,1
95498,0
69950,0
74665,1
58404,0
85619,0
55417,0
58784,1
80620,1
20494,1
47342,1
78547,0
74164,1
34050,1
69309,1
18981,1
62538,0
65360,1
83079,1
32710,1
54245,1
43136,0
62870,0
23254,0
25397,0
13238,0
80157,0
34837,1
70093,1
90334,0
34039,1
69515,1
55564,1
83897,0
28970,1
37521,1
66051,1
62674,1
31157,1
92469,1
76639,0
21123,1
36614,1
83969,0
89460,0
10647,1
26193,1
34600,0
37506,1
44286,1
19965,1
99671,1
70383,0
29080,0
15798,0
73719,0
71986,1
57546,0
44131,1
13495,0
51049,1
57333,0
33510,0
81707,0
31697,0
12238,1
17492,1
56746,0
67520,0
82281,0
42940,0
38796,0
94164,1
93561,1
58414,1
69494,1
14306,1
88700,0
49522,1
16536,1
71377,1
25473,1
79258,1
35674,1
25031,0
48630,1
93425,0
92179,1
60082,1
66949,1
76255,0
94787,1
72053,0
27557,0
97569,0
17730,0
73720,1
79692,1
85308,0
76179,0
85822,0
67106,0
58118,0
61897,0
93237,1
64919,0
90659,1
42339,0
41006,0
53327,1
77970,1
79065,0
10621,1
85577,1
62918,0
87693,0
80481,1
33345,0
82522,0
70583,1
49135,0
85039,0
18169,0
54987,0
96227,1
28535,1
20303,1
55723,1
24733,0
59355,1
23607,0
14436,1
73784,0
43123,1
72083,1
58840,0
91665,1
15559,1
13664,0
16265,0
23771,0
27918,0
10436,0
81874,1
20458,1
80793,0
36216,1
49941,1
76082,1
59637,1
51555,1
37034,0
64005,0
11390,0
67712,1
98534,1
31871,1
78534,0
41645,0
24944,0
21551,0
62262,0
21957,0
79472,1
55725,1
15518,0
82447,0
63754,0
95511,0
28882,0
56728,1
53786,1
88003,0
16528,1
42780,1
22092,1
68779,1
18639,1
89667,1
68776,0
86385,1
31079,1
47821,1
62312,1
65784,0
63413,0
79443,1
10069,1
33703,0
67345,0
22387,1
98702,0
39732,1
13063,1
54428,1
27574,1
20119,0
47352,1
24002,1
67749,0
93911,0
87256,0
49010,0
43725,1
34420,0
72221,1
92878,1
70012,1
81215,1
49755,1
57675,0
31247,0
88164,1
58869,1
42160,0
71042,0
78835,0
29134,0
60711,1
35506,0
62620,1
21915,1
90306,0
65269,1
39105,0
63554,1
68988,1
92112,1
71588,1
27394,0
95431,1
82552,1
10827,0
88580,1
67045,1
30222,0
15739,1
57850,0
17775,1
81909,1
72496,1
95607,1
38697,1
39052,0
94886,1
97391,1
86611,0
11084,1
92240,1
29228,1
96706,1
73979,0
17926,0
79695,1
34613,1
98293,1
85016,1
83156,1
54989,1
47360,0
14370,1
11244,0
91609,0
62453,1
47590,0
73407,1
15694,1
49216,0
25565,0
63127,1
19526,1
79160,1
35042,1
71201,0
61740,1
43424,1
84086,0
60540,1
95566,1
85892,0
39154,1
51024,0
89689,0
34065,1
71662,1
45002,1
90197,1
54739,1
54294,0
94640,1
81901,1
28325,1
94629,0
64201,0
61067,1
85303,1
13577,0
19681,1
76127,0
81567,1
99716,1
68599,0
64266,1
52830,0
24802,1
36012,0
42285,0
54791,1
89559,1
45598,0
64459,1
68262,0
64592,0
86588,1
95180,0
25970,1
83590,0
27477,0
99320,0
16057,0
53636,1
67915,0
98105,0
78662,1
36221,1
94989,0
18178,1
70654,1
93279,0
49400,0
99109,1
39770,1
79732,1
94516,1
34516,1
90863,0
52294,1
67586,1
48556,0
72098,0
46890,1
86983,1
30523,1
11504,1
47024,0
34060,0
30158,0
77291,1
58903,0
46234,1
65724,1
71619,1
78645,1
86326,1
54112,1
28461,0
16714,1
26557,1
45003,1
11787,1
40217,1
31211,0
61390,1
64959,0
33260,0
71736,1
79963,1
83695,0
74819,0
13672,0
12587,1
83894,1
45227,1
72624,0
65737,0
99083,1
94967,1
50107,0
39220,1
87372,1
21941,1
39870,0
11792,1
67912,1
21736,1
79414,0
73156,1
16545,1
38074,0
99969,0
73353,1
85132,0
81372,1
35701,1
38130,1
29588,1
87051,1
49862,0
46930,1
72371,0
32786,0
24583,1
96223,1
82987,0
93277,0
19846,1
23246,0
89494,1
93085,1
48898,1
31840,0
79615,1
64053,0
29385,0
94907,1
25327,1
49564,1
20545,0
91818,0
33200,1
89312,0
99593,1
91800,1
67250,1
46363,1
27605,1
12540,1
31003,1
61931,1
85249,0
30070,1
10107,1
57581,1
89273,1
17660,1
23320,0
42951,0
93734,0
12919,1
31060,1
15183,0
13578,0
33729,1
15482,1
69717,0
76663,0
66531,1
16202,1
47988,1
93523,0
36347,1
63787,1
57520,1
62755,1
16471,1
27106,1
12187,1
74947,1
49342,0
89745,1
62548,0
51465,1
47247,1
13466,1
94071,0
81645,1
92847,1
78561,0
18520,0
76086,0
72747,1
12844,0
19746,0
87331,1
41789,1
64432,1
20499,0
79339,1
76450,0
66034,1
27271,1
55746,0
95167,0
97275,1
94069,0
44664,1
27030,0
50173,0
32445,1
37509,1
17860,1
30934,0
99878,1
68160,0
67958,0
67131,0
86333,0
60109,1
23751,1
23077,1
33715,1
39523,0
54304,1
73464,1
52800,0
50043,1
44735,1
31501,1
74322,1
29448,0
31785,1
55683,0
12596,1
82070,1
98065,1
24710,1
53439,1
65830,1
43853,0
32564,0
62350,1
42008,1
19395,1
48687,0
96881,0
92323,0
61451,0
74036,1
54979,1
97622,1
70390,1
20782,1
27294,0
87924,1
67816,0
56030,0
71069,1
85512,0
35166,1
53863,1
46587,1
39693,1
95352,0
64522,1
20149,1
16832,1
83946,1
50902,1
31672,0
62232,1
61781,1
14424,0
39205,0
71222,0
40221,0
99007,1
47957,1
72188,1
23263,0
68238,0
31115,0
86831,1
29558,1
11221,1
68455,1
14757,1
84757,0
39207,0
80901,0
58599,0
22672,0
27536,1
62857,1
89647,1
31073,0
20074,0
24747,0
65033,1
59976,1
48356,1
64746,0
25474,0
33886,1
96659,1
35035,0
40083,0
80777,1
73363,0
14414,1
67240,0
95394,1
87895,1
26884,1
12625,1
33301,0
17088,0
64577,1
45703,0
10352,0
30631,1
74304,0
46362,1
24596,1
25432,1
21535,1
40002,1
87550,1
22251,0
19139,1
43241,1
79152,1
23497,1
44205,1
27824,0
69516,0
92217,0
46129,1
89711,0
31377,0
41605,1
18754,0
49041,0
43728,1
82365,0
45885,0
57085,1
58732,1
54208,1
54754,1
22661,0
60934,1
78543,1
37653,1
50838,1
61952,1
12708,0
48270,0
27947,1
15466,1
94464,1
89664,1
73157,1
89818,1
64277,0
89265,0
81581,0
44670,0
12877,1
84643,1
79790,1
47710,1
52705,1
85862,1
22594,1
44608,0
88815,1
21096,0
81482,1
75916,0
13653,0
99533,1
90558,1
62596,0
13222,0
16720,0
18799,0
10540,0
89405,0
63849,0
59809,1
98679,1
13493,1
56182,1
96563,0
74058,1
55001,0
11833,1
68418,1
21870,0
46698,0
34535,1
79524,1
39977,0
60070,0
79699,0
61210,0
93766,0
23362,1
90495,0
53727,0
77498,1
27991,1
86379,0
83581,0
45695,1
58085,1
31782,0
45847,1
67067,1
33373,0
93313,0
24019,1
74486,1
80210,1
25249,1
30630,1
39300,1
31233,1
34390,0
98689,0
28953,1
92908,1
53082,0
88861,1
80928,0
55934,0
80170,0
45361,0
95522,1
11906,0
62035,0
90872,1
44771,0
62642,0
70630,1
96480,1
83025,1
46922,0
73149,1
45851,1
60164,1
50737,0
13826,0
36337,0
73470,1
76473,1
68950,1
49178,1
96299,0
50438,1
86122,1
61003,1
22898,1
69829,0
97934,0
28185,1
17478,1
17686,1
32860,0
93138,0
89602,1
65567,0
68240,1
82114,1
86850,1
99864,0
23082,1
25715,1
68010,0
22609,1
43640,1
20169,1
79285,1
98125,1
11362,0
72422,0
89401,0
99922,0
32227,1
38477,0
33942,0
58909,0
87303,0
42748,1
71073,0
56612,1
36946,1
23924,0
94918,0
62454,1
95247,1
70000,1
52809,0
84391,0
14406,0
37041,1
60950,1
80202,1
84060,1
72289,1
78887,1
87147,1
89448,0
73201,1
34957,1
25338,1
13317,0
52848,1
69745,0
10027,1
97130,1
10560,0
84996,0
80373,0
16872,1
94124,1
38155,0
37315,0
90976,1
17339,1
95242,1
16155,1
48986,0
79286,0
15326,1
40827,0
26011,0
45718,1
47644,0
21338,0
63476,1
29949,1
26802,1
43072,0
21679,1
84569,0
84774,0
84946,1
25608,1
81819,1
85220,1
21590,1
36626,0
15513,0
91953,0
17345,0
54693,1
50576,1
86191,1
32377,1
86674,1
70701,1
69606,1
70690,0
46581,0
85211,0
86068,1
70629,0
83664,1
23093,0
15717,1
36220,1
58128,0
92885,1
80101,0
97747,1
40486,0
97882,1
43398,1
84062,0
97920,0
44698,1
23926,1
16799,0
26759,1
58342,1
68066,0
66645,1
72910,0
18864,0
11487,1
71700,0
97580,1
12519,0
30006,1
48561,1
76725,0
86970,1
91436,1
45133,0
86033,1
80462,1
57672,1
87999,0
85304,0
32044,1
86986,1
23529,1
90134,1
34232,0
89919,0
94420,0
83205,1
76027,0
25146,0
88610,1
19539,1
69612,1
40382,1
39287,0
22293,1
36260,1
74512,1
73300,1
51640,0
37122,0
85073,0
87539,1
41847,1
20358,1
40210,1
44115,1
96191,1
14904,0
96866,0
94202,1
31860,1
32312,0
12026,0
57329,1
45486,1
41745,1
28346,0
54473,0
96282,0
79062,1
50687,1
10688,1
90211,0
58867,0
21555,0
39454,1
13895,0
88916,1
48770,0
99440,1
90191,1
56119,1
30709,1
74978,1
81179,1
61857,0
64154,1
22048,1
66114,1
90364,1
60873,1
55680,1
23122,1
40128,0
42847,1
16903,0
94703,1
41686,1
74619,0
72460,1
89665,1
74784,0
78079,0
79323,1
78733,0
76238,1
21761,1
89580,1
75432,0
14929,1
32966,0
35427,0
84324,1
72746,0
96103,0
48362,1
56807,1
49289,1
79783,1
24674,1
86104,0
56267,0
23119,1
37261,1
68150,1
76358,1
68148,0
74469,1
32838,0
10448,1
82991,1
59923,1
40773,1
68223,1
83549,0
42329,1
61331,1
27351,1
54364,1
19447,1
20279,1
31519,0
62194,0
59661,1
79914,1
26958,1
29547,0
87227,1
75525,1
80178,0
80207,1
52710,0
12464,0
33639,0
52744,0
23538,1
41524,1
30658,0
88301,1
90170,1
50536,1
23726,1
81399,0
19801,1
59716,1
29593,1
63108,1
36370,1
69473,1
37282,1
61698,1
89279,1
94689,0
28661,0
10758,0
74668,1
54825,0
43923,0
53084,1
54215,1
57622,0
23865,1
67348,1
58944,0
46527,1
28258,0
83071,1
85008,0
85154,1
33295,0
27739,1
19402,1
78242,0
22856,0
29555,0
68990,1
94819,1
24528,0
93620,1
26391,0
16320,1
29058,1
52083,0
89773,0
81770,0
78843,0
47330,1
22448,1
95386,1
15359,0
59175,0
24805,1
23112,1
41310,1
75228,1
80678,1
24077,0
16646,0
35919,0
43022,0
95487,1
33066,0
31090,0
53420,0
58719,1
60600,0
82628,0
38906,0
44021,1
84905,0
39672,1
11467,0
34134,1
21486,1
78066,1
23824,0
29985,1
15961,1
10562,1
73192,1
40016,1
59114,1
36703,1
15831,0
16286,0
37295,1
65977,1
45822,0
95649,1
35982,0
12492,0
34385,1
39136,0
66731,1
23090,0
39807,1
80848,1
38655,0
36956,0
69554,1
75208,1
27946,1
95112,1
53193,1
89988,0
93473,1
66118,0
22624,1
90431,1
37037,0
14190,0
77901,0
36518,0
94182,1
85707,1
79118,1
99282,0
93928,0
14588,1
73204,1
26186,0
98258,0
66302,1
46208,1
30109,1
19232,0
74254,0
14010,1
99858,1
46452,0
53006,0
14394,1
35653,1
97100,1
79990,1
79378,1
47645,0
47212,1
32849,0
93257,1
15083,0
70810,1
79996,1
43820,0
43679,0
87628,1
18954,0
90764,1
85951,1
21359,0
93107,1
16322,1
57046,1
85428,1
42754,1
18471,1
71694,1
84199,1
64839,1
78747,1
31392,1
24927,1
16217,0
49682,1
24599,1
16956,1
32072,0
36835,0
34288,0
41758,0
35496,0
26152,0
12239,1
14400,0
70260,1
84890,1
69255,0
81714,1
49926,1
24898,0
27556,0
17103,1
80371,0
27479,1
67486,1
65868,1
75431,0
23476,1
74258,1
69768,1
68024,1
33219,1
22429,1
89005,1
70429,0
45142,1
62725,1
67677,0
79794,1
71483,1
35487,1
27481,1
23336,1
89092,1
71936,0
22220,1
74456,0
35168,1
79824,0
20282,1
63714,1
38803,0
81082,1
89503,1
40763,1
35632,1
86139,0
91260,1
81306,1
95305,0
88175,0
76295,1
65641,1
12550,1
25641,1
15530,1
16710,0
44227,1
34892,1
41690,1
65287,0
51139,1
62590,0
73505,1
82668,1
20322,0
71928,1
61102,0
32670,1
34116,1
78562,1
59668,1
19658,0
68471,1
52604,1
17486,1
79865,1
11828,1
90099,1
47941,1
88215,0
98815,0
39647,1
92832,1
26071,1
62286,1
75673,1
53365,1
97176,1
78731,1
40270,1
20774,1
48307,0
16964,0
83899,1
68861,1
98664,1
12830,1
13145,1
59958,1
11671,1
94155,0
50952,1
39127,0
12977,0
71082,1
78027,1
99790,1
31510,0
62664,1
60709,1
46937,0
78632,1
84600,0
16949,1
78523,0
21136,0
99166,1
15586,1
30489,0
75039,0
83537,1
23143,1
10064,1
58688,0
53557,1
38828,0
17947,0
25218,1
31645,0
75779,1
78274,0
81518,1
70754,1
56071,1
14951,1
70036,1
23423,0
39007,0
18601,1
11888,0
11720,1
56777,0
61238,1
37925,1
19905,1
90640,0
70325,0
60193,1
23622,1
87833,1
82182,1
93608,1
36733,1
29943,1
22381,0
88116,0
81994,1
74571,1
80473,1
17081,1
61775,1
76807,0
84560,1
76968,1
55830,1
21854,0
66980,1
93907,1
75397,0
96296,0
80956,0
93209,1
36171,1
98070,0
12966,0
68437,1
58374,0
85882,0
37361,1
13945,1
83526,1
67310,0
42809,0
80040,0
48358,1
62473,1
20599,0
79316,1
71742,0
33033,1
99653,1
81389,1
50225,1
72115,0
62694,1
38048,1
64920,1
60413,0
31034,1
12744,1
62149,1
72749,1
36560,1
40086,0
46347,1
20332,0
33667,1
90623,0
46872,1
29597,1
32886,1
13082,1
84471,0
93145,1
19102,1
76021,1
28327,1
51340,1
37368,1
91910,1
42512,0
81139,0
63406,1
25852,1
13097,0
16285,1
18272,1
98292,0
95320,0
76768,1
46329,1
11824,0
31370,1
13624,1
46987,0
95332,0
80328,1
12813,1
33461,1
29192,1
58625,0
28378,0
27299,1
79758,1
98852,1
69988,1
57931,1
15488,1
59431,1
43359,1
33559,0
75417,0
88868,0
30434,1
98432,1
79749,0
27819,1
60465,1
69100,1
49948,0
80345,1
46102,0
60760,0
26199,1
39967,1
30635,1
36965,1
50371,1
40881,1
46745,1
29112,1
89352,0
52300,1
67301,1
27146,1
69604,0
66557,1
11031,0
24502,1
10285,1
19963,1
67061,1
10250,0
62165,1
16741,1
33210,0
11167,1
69389,0
25520,0
56156,1
15316,0
58497,0
31527,1
73997,1
23586,1
59514,0
73469,1
72748,0
36502,0
94501,1
18535,0
48415,1
48005,1
45444,1
82674,1
53478,0
22795,1
26396,1
19684,0
92260,1
90956,0
21133,0
46471,0
44922,0
21921,0
37060,1
13427,0
68369,0
97638,0
64797,1
54150,0
44588,0
38242,0
62459,0
75557,0
48572,0
17721,1
50642,1
51534,0
11807,1
26567,0
14768,0
52389,0
18261,1
81096,1
48119,0
65386,0
52067,1
32968,1
38177,1
88973,1
72549,1
15913,1
33804,1
27412,0
44900,1
88101,1
27282,1
23193,1
91618,1
72504,1
68062,1
85225,0
72495,1
75902,0
12288,1
61688,0
65280,0
52749,0
10437,0
13328,1
48070,1
85553,1
91749,1
56110,1
21237,1
82667,1
51441,1
34917,1
11673,1
52951,0
83055,1
46009,1
71982,1
24125,1
33884,1
48425,1
40433,1
26343,0
65022,1
27025,0
49139,0
62044,1
36923,1
26578,1
13840,0
46507,0
52636,1
66088,1
36999,1
25775,1
74921,1
60885,0
21420,1
68857,0
82340,1
85384,1
30050,1
41804,1
58887,0
49638,1
35430,1
22589,1
61468,1
45039,1
95012,1
99793,1
85965,1
57964,0
62980,1
41637,1
59767,1
29014,0
85915,1
33904,0
71263,0
66270,1
28941,1
37069,0
38789,1
74681,1
63363,1
74443,1
34608,0
59050,1
33737,1
43408,1
37423,1
32954,0
51854,0
78822,1
68239,0
26395,0
39847,1
22462,1
13830,1
96628,1
75172,0
84917,1
18474,1
11430,0
20958,1
69382,1
58646,1
46351,0
51680,0
17322,0
19742,0
29968,0
45378,1
57999,1
55364,1
37385,1
85493,1
11553,1
34785,1
34073,0
59968,1
28528,0
12298,1
43187,0
70542,1
23344,1
51470,1
61684,0
60841,0
76265,0
40372,0
58822,1
68802,0
10905,1
37654,1
80622,1
48874,0
44194,0
24307,1
20561,1
18849,1
17303,0
93418,1
16914,1
31098,1
74867,1
56023,1
57819,1
28830,0
34112,1
88141,1
25985,1
46449,0
51472,1
38848,1
88234,1
42383,1
33224,1
57402,1
67481,1
38195,1
18855,1
32273,1
42850,1
25260,1
78125,0
73035,1
16755,1
11854,0
13129,0
99817,0
51104,1
48557,0
58613,1
17650,0
80507,0
63465,1
31245,1
61847,1
43514,0
37244,0
43953,0
86625,0
74472,1
51322,1
35507,1
66261,1
98676,1
74739,1
86089,1
70519,0
90324,1
74348,1
67571,0
81802,1
85777,1
18050,0
99188,0
43158,0
71908,0
91006,1
92925,1
27560,0
61615,0
81529,1
40765,1
45945,0
21793,0
13769,1
98733,1
66238,1
81776,1
62818,1
98278,1
14679,0
70108,0
59131,1
75064,1
21916,1
14373,1
85775,0
72425,0
68799,0
32372,1
43361,1
61287,1
68004,1
46971,1
72308,1
88948,1
47283,1
17882,1
18840,1
90033,1
42656,1
99272,0
40822,0
68653,0
19528,0
55519,1
60593,1
49800,1
25202,1
13315,1
40613,0
87182,0
24293,1
21385,1
54118,1
69923,0
76150,0
11291,1
41813,0
29566,0
91569,0
34380,0
24779,0
34405,0
64206,0
90050,0
26753,0
89450,0
68851,1
52089,1
66442,0
10791,1
93411,1
94969,1
36099,1
85372,1
91353,0
77275,0
43862,0
41831,1
64932,0
23709,1
76508,0
82551,1
15602,1
86724,1
88671,1
67414,0
68856,1
56665,1
36878,0
67761,1
91123,1
68036,1
85936,0
75700,0
77155,1
53458,1
89591,0
58145,0
91478,0
82848,1
97900,0
12033,1
34297,0
10110,0
81235,0
48657,0
20497,0
67577,1
63019,0
48291,0
13325,0
78860,0
44351,0
83706,1
61520,1
35928,1
46188,1
47667,1
66440,1
90729,1
69048,1
66981,1
27840,1
44221,1
53169,0
78938,1
52253,0
82308,1
11599,0
61466,1
25362,0
96555,0
43341,0
99295,1
52086,1
22172,1
60728,0
55071,1
39949,1
44099,1
42949,0
31655,1
22676,1
97228,0
43457,0
38681,0
16145,1
79764,0
55757,1
45580,0
59260,1
47416,0
59609,1
21097,1
89511,1
52868,1
75350,1
49962,1
84697,1
42125,0
35362,0
99339,1
84283,1
80482,1
77999,1
21436,1
82375,1
77294,0
34034,1
90943,0
61088,0
98487,1
38968,1
48821,1
38039,1
61485,1
86156,1
41600,0
96088,1
25315,0
54000,0
97987,0
36816,1
50701,1
34824,1
45396,1
44206,0
73373,1
37450,0
93131,0
99480,0
36989,0
95246,0
17198,0
10881,1
84395,1
51770,0
88347,1
33061,1
13680,1
81426,1
39389,0
32956,1
36484,1
67037,0
14485,0
70693,1
33941,1
96447,1
36025,0
61582,1
10375,0
68509,1
93051,1
72294,1
36201,1
32593,1
18652,0
91660,1
44082,0
32597,1
17687,1
20308,0
16346,0
13312,1
78115,1
62098,0
59934,1
60173,0
64339,0
47405,0
80388,0
97304,1
15723,0
60222,1
29659,1
39215,0
34534,1
32121,0
43532,0
63812,0
15139,0
60891,1
37982,0
58974,1
66347,1
84603,0
31586,1
12125,1
71292,1
10391,1
71542,1
17055,1
32009,1
28214,1
51930,1
30636,1
55681,1
61498,1
13248,1
27361,1
97067,0
84663,1
56168,1
13655,1
41034,1
44487,1
71186,1
58436,0
85849,1
33697,1
18294,1
33979,0
99156,1
80419,1
15933,1
96255,1
55017,1
89200,1
93479,0
41410,1
43730,1
54124,1
61903,0
28564,1
29733,1
72499,1
27460,1
11818,1
23531,1
75231,0
12346,1
27295,0
26088,0
49595,0
39734,1
35245,1
81256,1
85333,0
22770,1
35030,1
87616,1
46659,0
81943,1
16705,1
22483,1
27984,1
22521,0
35046,1
30278,1
86372,1
55215,1
22388,1
64536,1
87276,1
23410,1
23356,1
21157,1
64566,1
30319,1
85581,1
15706,1
69740,0
99942,0
15848,0
12487,1
47364,1
95600,1
27079,0
21880,1
51542,0
44803,1
50481,0
33078,1
92244,1
13073,0
99393,1
27124,1
49748,1
68442,0
95506,1
93904,0
71781,1
21591,1
79787,1
15811,1
48248,1
59844,1
78256,0
21783,0
18880,0
44029,0
17530,0
13124,1
34258,1
46597,0
72162,1
29265,1
57052,1
17915,1
51853,1
65524,1
50340,0
67121,1
42640,1
59930,0
12864,1
46338,1
99704,0
20009,0
92503,0
42541,0
15930,0
77800,1
62937,1
64199,1
76604,1
29548,0
28705,0
83873,1
75842,0
11331,0
72580,0
37194,0
35146,0
78576,1
62106,1
97438,1
90258,0
13869,1
57965,0
81907,0
80083,0
26274,0
63855,0
38091,0
78219,1
21696,1
58356,1
60279,0
70687,0
90335,1
53933,1
27980,0
99960,1
58554,1
44447,1
60604,0
11922,1
19366,1
32220,1
92665,0
14155,1
27982,1
54846,1
72424,1
21147,1
45041,1
46010,1
35224,0
50976,1
18119,0
42378,0
70331,1
38183,1
45650,1
40258,1
97899,0
57483,1
13455,1
84909,0
18856,0
89102,1
16239,1
73862,0
80675,1
93634,1
40921,0
34752,1
33283,1
49344,0
28140,1
74572,1
73806,0
25854,1
88913,0
77610,1
96167,1
80293,0
25331,1
69446,1
22368,1
14076,1
46827,0
45210,1
38523,0
16678,0
56269,0
28136,0
92654,0
91406,0
73916,1
63686,1
49353,1
62963,1
45683,0
78762,0
99541,1
85521,1
52730,1
28983,0
47350,0
53160,1
89395,0
72206,1
87936,1
98087,1
93665,1
34455,0
12890,1
10389,1
20735,0
92293,0
37033,1
10702,1
74752,1
88997,1
41460,0
61290,0
77720,1
27459,0
47370,0
26926,1
27253,1
85226,1
61183,1
39831,1
83780,0
98279,0
10693,1
44326,0
52219,1
24669,1
27657,1
71823,1
78044,1
59454,0
66040,0
13636,1
66704,1
92631,1
47056,1
68040,1
64767,0
96400,0
96968,1
22947,1
78818,1
75960,1
36924,1
51648,1
91322,0
30097,1
75002,1
24566,1
96674,0
55453,1
72515,1
36828,0
73237,0
57139,1
10181,1
11020,1
77070,0
22887,1
53598,1
91385,0
47387,0
48754,0
98371,0
89162,0
11235,0
82746,1
53938,0
68931,1
11956,1
66720,0
51317,0
25534,0
44953,0
62691,1
59875,0
72694,0
84984,0
51347,0
93247,1
80397,1
93296,1
75097,0
74491,0
75462,1
83246,1
33226,0
31260,0
65531,1
64471,1
76314,0
30093,0
75821,1
46368,1
11219,0
99189,0
64325,0
11296,0
70689,0
61849,0
96356,1
50871,0
32089,0
84286,0
33827,1
33116,1
38535,1
99906,1
33908,0
13365,1
73771,1
73422,0
55227,0
71213,1
14791,1
64896,1
37767,1
23108,0
52842,1
21433,0
33850,0
62873,0
84458,1
19275,1
86818,1
58280,1
22761,1
63372,0
40938,1
62158,1
45296,1
67983,1
85718,1
29127,1
93814,0
22384,1
43544,1
54663,0
70262,1
52957,1
86012,1
81001,0
78684,0
68046,0
32965,1
15110,0
47641,1
84063,1
69183,0
86855,0
46968,0
93699,1
84860,1
61100,1
76680,1
94323,1
93981,1
52039,0
47568,1
87347,1
91003,0
94029,0
32756,0
81846,1
30975,1
57362,0
14700,0
24611,1
68287,0
31454,1
40762,0
10208,1
88695,0
51245,1
59749,0
73886,1
41860,0
69972,1
99223,1
63941,0
82476,0
20641,0
96035,0
89884,1
66906,1
21701,0
71162,0
20831,0
92978,0
53276,0
72824,0
30291,0
87630,1
72181,1
23392,1
18653,1
98717,1
45038,1
97829,0
10282,1
20029,0
80673,1
31821,0
78971,1
67074,0
30263,0
17863,0
84687,0
30959,1
42075,0
28058,0
25559,0
33971,0
59738,0
81253,1
16608,1
77687,1
82517,1
75855,0
49634,1
22224,1
53846,0
38915,1
59682,0
80024,1
39824,1
10665,1
74177,1
60956,0
17123,1
71946,1
47930,1
40137,1
94168,1
58309,1
48844,1
60157,1
57656,0
92310,0
13232,0
79163,1
66810,1
50065,0
40158,1
99938,1
85958,1
62822,1
56461,1
45838,0
81611,0
44472,1
95065,0
88205,0
86431,0
35860,0
22879,1
34057,0
22685,0
25806,1
22739,1
77489,1
76408,1
74549,0
82537,1
32599,1
97459,1
34704,1
18076,1
55735,1
42214,1
11213,1
43994,1
65836,0
22234,1
31774,1
43545,1
39311,1
16005,1
75614,1
27419,1
41066,0
21703,1
91183,1
83292,0
17700,1
11035,0
99680,0
65372,1
20911,0
50662,1
38830,1
75121,1
27431,1
77163,0
17321,1
67954,0
19620,1
58589,1
25543,1
43028,1
52343,0
82521,0
50349,0
29075,1
72808,1
47477,1
24963,1
50142,1
92086,0
46216,1
26310,0
67587,0
70913,1
57011,1
83201,0
36122,0
28287,1
70014,1
65910,1
21016,0
66894,1
90017,0
17433,1
16029,1
65302,1
18509,1
81068,0
64262,1
22561,1
91543,1
12579,1
99077,0
44076,1
33070,0
80542,0
57770,1
60129,0
27561,1
94518,1
15670,0
85246,0
19150,0
72108,1
21284,1
47786,1
98158,1
36931,1
12717,1
95097,1
38426,0
88698,0
86329,0
19266,1
99470,0
10441,1
83005,0
56309,0
16626,1
52384,0
38679,1
62776,0
49553,1
46528,1
52733,1
10873,0
51573,1
50568,0
73782,1
54770,1
11925,1
76669,1
45058,1
15529,1
79855,1
81787,0
71799,1
35369,1
57629,1
22412,0
74316,1
30111,1
86496,0
19853,1
60723,0
91420,0
71548,0
39764,1
63248,1
33943,1
23604,0
18676,1
29882,1
20443,1
45128,0
62072,1
47353,1
54884,0
79389,1
58551,1
95752,0
15510,1
80860,1
77561,0
37175,1
49163,0
66349,0
11567,1
38717,0
23785,1
79135,1
12061,0
52069,1
15938,1
51872,0
80931,1
77045,0
14685,0
44166,0
84897,1
87501,1
15496,0
97704,1
51279,1
77149,0
51044,1
46394,1
10836,1
27895,1
35613,1
27225,1
27506,1
23973,1
81561,0
49936,0
11549,1
78394,0
81368,1
47409,1
98711,1
71835,1
62847,1
54166,1
44701,1
17666,0
10221,1
29557,0
38722,1
28571,1
59531,0
92852,0
28407,1
13980,1
40932,0
56574,1
86205,1
87401,1
44838,0
84168,1
35443,0
18997,1
88104,1
13080,0
13387,1
54932,0
96276,1
87966,1
32661,0
14887,1
83208,1
11386,0
54296,1
68198,0
59045,1
23005,0
92955,1
50654,1
32767,1
70552,0
17075,1
40273,1
60992,1
91631,1
85744,0
63602,1
42757,1
81408,1
44523,1
76112,1
76688,1
42049,0
26183,0
18142,1
96302,1
55013,1
91520,1
54007,1
20637,1
78791,1
89103,1
42208,1
25533,1
78912,1
62782,0
25465,1
31305,0
18634,1
64257,1
52987,0
88496,1
64596,0
83905,0
75230,0
46318,1
68796,0
50116,1
64046,1
93028,1
62617,0
66184,0
17936,1
31002,1
47544,0
25619,1
65944,1
14358,1
73421,1
54521,1
87101,0
69318,0
34151,0
69905,0
16582,1
53135,0
11932,1
14852,0
73915,1
50306,0
94752,0
39162,0
51173,1
86635,1
99017,1
45932,1
66774,0
25988,0
66325,1
25431,0
40369,1
91156,0
23491,1
15367,1
77765,1
17424,1
25269,0
55123,0
97267,1
49526,0
44167,1
73313,0
14763,0
58622,0
18253,0
11007,1
31082,1
45922,0
75198,1
69132,0
27953,1
19120,0
46655,1
78723,1
96884,1
34483,0
59061,1
55433,0
86262,1
84636,1
19365,1
88051,1
58072,1
91445,1
86030,0
42975,1
61516,0
61908,0
90158,0
50324,1
74901,1
85878,0
84918,0
39170,0
63225,1
76496,0
12871,1
84096,0
46881,0
37390,1
85549,1
90743,0
81002,0
93328,1
29988,1
67433,1
32721,1
81648,0
92211,1
68911,0
74400,0
47728,0
81531,1
72068,0
71536,1
37277,1
49274,0
33590,1
11258,1
76597,0
70849,0
24264,1
97856,1
77973,1
66505,0
15788,1
94839,1
49824,1
44917,1
83272,0
66858,0
44406,0
12180,0
78784,1
70079,1
22065,0
35676,1
18617,0
15542,0
81643,0
59948,0
56088,1
24871,1
54740,1
67203,1
68114,0
92200,1
59700,1
74072,1
59356,0
32810,1
77158,1
81886,1
32033,1
20059,0
95936,1
57124,1
24681,1
35189,0
78354,0
39473,0
86686,1
46634,0
81268,1
48559,1
61182,0
96648,1
12673,1
84623,0
97782,1
81879,0
20302,1
80617,1
35785,0
93824,1
24652,0
19991,1
92346,0
41361,1
87443,1
50215,1
85066,1
94367,0
23051,1
60132,1
29360,1
90234,1
71762,1
95266,0
74124,0
85184,0
28244,0
24999,1
80574,1
11862,0
92432,1
89121,0
43132,1
53989,0
27790,1
80601,1
98481,1
20558,0
19758,0
16524,1
38404,0
98910,0
79459,1
43526,1
32795,0
80390,0
15987,0
79584,0
54919,0
56634,0
83380,1
31165,1
23443,1
57404,1
95755,1
91772,0
17455,1
19261,0
30896,1
97185,1
70571,0
18248,0
32815,0
29742,0
53297,0
59051,1
53813,1
17086,0
17552,1
21609,1
79838,1
84153,1
31895,0
86609,1
10603,1
71693,1
48824,0
35779,0
98160,0
10937,0
54287,0
63852,1
63011,0
17864,0
13511,0
34925,1
78597,1
82116,0
91024,1
67542,1
42157,0
35782,1
81148,0
45519,1
97863,1
57338,0
94038,1
26703,0
45915,1
31300,0
25753,1
57706,0
78167,1
50341,0
39336,0
95597,0
92919,1
68887,0
19351,1
58760,1
84498,1
93345,1
96898,0
28364,0
83438,1
78909,1
37684,0
23396,1
97252,1
47565,0
89244,0
80300,1
77244,1
86638,0
15392,0
16734,0
10032,1
26545,1
88444,1
88813,0
62218,0
54293,1
90484,1
84211,0
73945,1
17104,1
89798,0
67850,1
46747,1
69286,1
14446,1
61911,1
28056,0
73242,1
43205,1
13358,1
88852,1
57967,0
19094,0
29254,0
21174,0
56125,1
34225,0
14701,0
88677,1
65344,0
86871,0
25941,1
67887,1
51032,1
44222,0
31207,0
29476,0
38557,1
85352,1
36417,1
68422,1
70475,1
21248,1
90939,0
92786,1
56438,1
97447,0
76361,1
88743,1
82339,0
62310,0
19283,1
89956,1
10731,1
58310,1
74494,1
68115,0
51820,1
20832,1
65220,0
36306,1
25396,1
89374,1
61713,1
58702,1
78096,0
83575,1
86766,1
14284,1
67961,1
25391,1
21707,0
98247,1
70181,0
49833,1
13148,1
96509,0
90981,1
20041,1
64957,1
40776,1
48361,0
74301,1
83138,0
64931,0
33218,0
82602,1
85648,1
42638,0
48318,1
64118,1
47618,1
25745,1
24858,1
58076,1
84634,1
33576,1
42441,1
99303,0
89242,0
24107,0
36769,0
43558,0
35351,0
37691,0
30653,1
79769,1
38266,1
96401,1
85413,1
80239,1
71637,0
13360,0
96057,1
18232,1
96222,1
24707,1
28634,0
32365,1
36909,0
94529,1
55032,0
22093,1
26552,1
64379,0
44663,1
77698,1
74632,1
32931,1
53611,1
95250,0
63885,1
54128,1
37159,0
32359,1
52054,1
79888,0
33276,1
28596,1
26015,0
51192,1
64548,0
33213,1
86377,1
16930,0
79494,1
83660,0
62022,0
73609,1
20457,1
84074,1
89546,0
34267,0
73950,1
13457,0
39098,1
24721,0
70339,1
21006,1
94262,1
85052,1
24312,1
82706,1
49935,1
71784,0
81844,1
81078,1
96034,1
13823,1
84535,1
65333,1
69126,1
66233,0
75655,0
88687,0
50609,0
44093,0
76735,1
26202,1
79249,1
56340,1
25507,1
97300,1
85315,1
87639,0
48806,0
62455,1
21239,1
47122,0
56081,1
92727,1
50840,1
98578,0
80004,0
14911,0
20031,1
72649,0
41737,1
87321,1
64505,1
64899,1
19103,0
53741,1
65795,0
41265,1
62185,0
70521,1
21721,0
84981,0
36176,0
14910,0
80414,1
35470,0
19575,1
52318,0
54749,1
13905,0
36952,1
10007,0
59140,0
45974,1
51984,1
96760,1
78123,1
14898,0
59689,1
54235,1
75332,1
58050,1
82686,0
34684,1
28617,0
71763,0
20089,0
86636,0
86211,1
18891,1
67999,1
35927,0
66939,0
17626,0
71220,1
20158,0
80683,1
55986,1
46861,1
58878,1
32224,0
44387,1
33838,0
36978,1
88634,0
61138,1
98809,0
37532,1
66419,1
89752,1
60283,0
65423,1
23431,0
15164,0
52111,1
97461,0
35727,1
37477,1
46883,1
41252,1
71400,1
53829,1
35989,1
53073,0
32308,1
63336,0
19755,1
99220,1
56849,0
37594,0
14105,1
61081,1
45691,1
40145,1
23346,0
75494,1
37110,1
96144,1
23235,0
51506,1
85970,1
30550,0
24085,1
95147,0
10453,1
85880,1
65545,0
65739,1
64264,0
97584,1
83044,1
60921,0
26735,1
66195,1
58790,1
10095,1
38059,1
35203,1
62531,0
94432,1
16151,0
15284,1
30883,1
59482,1
14103,0
52413,0
11042,1
78556,0
33758,1
54536,1
41439,0
47397,0
32949,0
74105,0
91683,1
44993,0
76540,0
98252,0
30572,0
32245,0
80455,1
70422,1
73636,0
80029,1
69833,1
14081,0
26891,0
42062,1
85223,1
84750,0
33699,0
48465,1
31031,1
74361,1
56224,0
57890,1
51224,0
48371,1
13735,1
27907,0
18749,1
41194,0
59786,1
93196,0
87216,1
45815,0
76164,1
87129,0
69198,1
39064,0
93417,1
97755,1
22759,0
76278,1
42587,0
53309,0
84661,0
50492,1
76809,1
82708,0
82161,0
29284,1
86064,1
62187,1
84349,1
91931,1
42600,1
98395,1
65559,1
43672,1
29348,1
41476,1
61044,0
10567,0
51168,1
49466,0
22054,0
81612,1
21814,0
72242,1
71515,1
29685,0
91905,1
10963,0
73413,1
61672,0
45312,1
64511,1
31004,1
82045,1
45992,0
15136,1
57341,1
69419,1
79003,0
65163,1
80651,1
16422,1
23487,0
23272,1
83564,1
87266,1
64808,0
81810,1
96991,1
45214,1
17989,0
35150,1
95709,1
12410,1
30393,0
87269,1
39312,0
83822,1
71487,1
34839,0
75592,0
68008,1
51991,1
44253,0
44671,1
36280,1
75797,0
96734,0
31218,0
49124,1
80163,1
91789,1
81650,1
70177,0
22424,1
20752,0
48188,0
92483,0
44289,0
37325,1
22948,1
18912,1
65799,0
56163,0
17977,0
58348,1
97133,0
98999,1
67684,0
77810,1
72492,1
13104,0
20188,1
67191,0
29564,0
75639,1
58604,1
22170,1
79189,0
82373,0
56941,1
63432,0
16830,0
92986,1
13862,0
15490,1
15378,1
11166,1
26080,0
58547,1
52701,1
13037,0
80571,0
33736,1
68961,1
27841,0
25157,1
24938,0
36416,1
18523,1
12867,0
28660,0
65586,0
98556,1
39428,0
69383,1
83553,1
82215,1
52072,0
43847,1
17854,1
19132,1
34715,0
22908,0
33500,1
28481,1
78585,1
40030,0
76144,1
48985,0
95024,1
56544,0
26976,1
88541,1
23878,1
37319,1
73461,0
65823,1
77211,1
33748,1
78327,1
94770,0
93269,1
10935,1
87807,1
91290,1
28242,1
20944,0
23398,0
36829,1
88491,1
54366,0
33813,0
91015,1
54855,0
29079,0
90722,0
70068,1
22673,1
77346,1
33812,1
18950,1
26803,1
61292,1
15318,0
11160,1
61206,1
11055,0
82812,1
65404,1
65444,1
65484,0
93334,1
35450,0
75072,0
19172,1
31921,1
13027,1
24828,0
65789,0
81615,0
79329,1
75826,0
97294,1
49460,1
19027,0
18860,0
64461,1
16845,0
26478,0
94299,0
62095,1
54688,0
13400,0
86500,0
89570,1
58973,1
59955,0
28026,0
37711,1
76752,1
89702,0
72210,1
78753,1
21648,1
53953,1
24282,1
41963,0
74488,0
67373,0
63635,1
84749,1
44184,0
80346,0
87599,1
91243,0
28314,1
40386,1
20509,0
23819,1
87874,1
66357,1
32335,0
63840,0
72283,0
24433,1
73618,1
87931,1
73263,0
76229,1
69810,1
48097,0
95494,0
61023,1
70838,0
67140,0
24212,0
32020,0
95996,0
45739,1
61039,1
82728,1
45399,1
89845,1
52959,0
63580,1
37453,0
49412,1
40516,1
76445,1
40413,0
34506,1
24089,0
60099,1
33182,0
20209,1
17577,0
43278,1
78819,1
27988,1
42212,0
73896,0
30394,1
44668,0
64306,1
34223,0
14024,1
92390,1
25726,0
28256,1
94382,0
56771,0
59138,1
70788,1
89359,1
47184,1
26160,1
38644,0
12563,0
28696,0
67456,1
46146,1
51727,1
20318,1
27188,1
81826,0
17181,0
38265,0
70977,1
97192,1
77746,0
75535,1
51497,0
99371,1
97016,1
34111,0
12671,0
91747,1
99020,1
39445,0
33659,0
59054,1
57077,1
23424,0
83619,0
68972,0
54076,1
13363,1
19708,1
66735,1
18198,1
77174,1
43857,0
41935,1
88974,1
23166,1
32713,0
12591,0
63907,0
52508,1
28997,0
13396,1
30667,0
86597,0
54944,0
56237,1
89431,1
29809,0
74877,1
95199,1
20286,0
52008,0
30410,0
81847,1
84149,0
59533,1
85319,1
10891,0
77295,0
85502,0
87139,1
15677,0
63857,1
40653,1
49856,0
13627,0
85007,0
58866,1
76377,1
36609,0
27132,1
17665,1
63253,0
50728,1
27646,1
91479,1
66047,1
84794,1
10075,1
70928,1
47346,0
90890,1
13173,1
68177,1
54413,1
25043,0
72805,1
35571,1
90188,1
87928,0
44283,1
81891,1
31344,0
55652,1
31633,1
89079,1
45082,1
99034,1
71782,1
74325,1
42598,0
64008,1
60784,0
25000,0
52159,0
57151,0
93616,1
58571,1
79534,1
10195,1
41296,1
36118,0
32963,1
66747,1
99910,0
31964,0
37434,0
75807,1
24095,1
91947,1
96169,1
82273,1
11453,1
98180,0
42142,1
26538,0
13437,1
64719,1
68600,1
18816,1
75541,0
55323,0
47361,0
70562,0
15902,1
59379,1
73944,1
87430,1
82042,0
67001,0
13930,1
83241,1
27046,1
88918,0
37251,0
25722,0
24773,1
25760,0
59081,0
56219,0
40840,0
58480,0
34164,0
99797,1
81446,0
58600,1
36448,1
51777,0
21722,0
61653,0
38969,0
46055,1
27329,0
76098,1
69161,0
65076,1
89763,0
27340,1
46258,1
29631,0
41186,1
78388,0
91080,1
46039,0
97029,1
99674,0
81380,1
99208,0
74441,1
41617,1
88688,1
44576,1
88283,1
23846,0
33882,1
27373,0
87646,1
63564,1
68360,0
82639,0
91315,1
81496,1
52840,1
78103,1
46773,0
67960,0
20518,1
77112,1
49423,0
17362,1
98972,1
35069,1
13514,1
51758,1
34727,1
49235,0
78414,1
11658,1
13928,0
59391,0
17754,1
34817,0
70142,0
88644,1
35394,1
39683,0
98381,0
49273,1
82223,0
43231,1
45073,0
98490,1
84767,1
82710,0
33419,1
76705,1
13515,1
22218,0
65264,1
54020,1
66958,0
57852,1
57735,0
92557,1
99090,1
46609,1
40612,0
16164,1
99710,1
29692,1
17821,1
68805,0
24810,1
35260,1
85514,0
72056,1
68626,0
56169,1
61337,1
22280,1
24833,1
92206,1
60737,1
43666,1
46116,1
24890,0
90506,0
75277,0
59674,0
11238,0
14655,1
21673,1
98781,1
39057,1
19676,0
68138,1
68224,1
51017,0
80074,0
10833,0
88820,0
37742,1
36027,1
37502,1
98172,1
94848,0
20943,0
72616,0
54077,1
62595,0
84846,0
34486,0
71114,1
29221,1
50431,1
71994,1
21747,0
69113,0
40424,0
65598,0
83076,0
53522,0
83147,1
80005,1
14048,0
51285,1
93555,0
85912,0
85684,1
23399,1
58660,0
34087,0
38818,1
28236,1
91924,1
75130,0
74828,1
37082,1
90612,0
38708,1
72190,1
44834,0
44840,1
28331,0
15778,1
80565,0
17184,1
91748,1
71995,1
41094,0
18300,1
94766,0
82502,1
45056,0
44870,1
35117,0
43806,1
84572,0
45215,1
34581,1
97642,1
27759,1
14897,1
66618,1
10942,1
28931,0
67086,1
10735,1
97627,0
88508,1
86072,0
23325,1
47745,1
12841,1
33435,0
71182,0
48537,0
62479,1
75811,1
53769,1
48258,0
35242,1
28693,0
77461,0
63976,1
85397,1
86955,1
82561,1
31711,0
66418,1
54221,1
42706,1
25195,0
69251,0
23004,1
27987,1
87033,1
96714,0
32057,1
42931,1
90997,0
35265,0
37339,1
86974,0
81759,1
99110,1
58559,0
65856,1
62052,0
38333,1
83860,1
44562,1
41934,0
87736,1
93415,1
31936,0
98860,0
69598,1
71345,1
62468,0
34586,1
61211,0
71695,1
94840,0
31945,1
50374,1
71680,1
52158,1
71148,1
48919,0
26551,0
17850,0
69301,0
40090,1
22880,1
86464,1
29369,1
90462,0
14552,0
46118,1
24765,0
28320,0
31578,0
22094,0
63120,0
76423,0
42605,1
96471,1
80881,0
98412,0
30697,0
15089,1
27785,1
52810,1
89777,1
38304,1
36066,1
29323,1
18339,1
15730,0
38068,1
75553,1
82793,1
21453,1
64443,0
97923,1
26721,1
93948,1
96376,1
58004,1
19556,1
15101,0
68893,1
30963,1
95798,1
53416,1
87677,0
76683,0
83082,1
85979,1
35633,0
68258,1
85891,1
40882,1
81040,1
40149,1
67839,1
42818,1
27082,1
18511,1
81387,0
92078,0
47989,0
94058,0
50620,1
41520,1
23949,0
34979,1
22995,1
62802,1
51321,0
92909,0
69279,0
45418,0
71438,1
76879,1
36465,0
84087,1
56562,0
34819,1
10125,1
42366,1
64801,0
90254,1
55200,1
98712,1
53721,0
42895,1
35228,0
40673,1
79770,1
76739,1
58722,1
40050,1
37027,0
75338,1
74268,1
65550,1
85867,0
54191,0
73999,1
44722,0
68190,1
81646,1
79579,1
53054,0
10463,1
45524,1
93303,1
84827,0
32935,0
20506,1
74336,0
29082,0
42770,0
39555,0
72575,1
14236,0
49798,0
12040,0
10259,1
83303,1
67284,0
81141,0
73238,0
39910,1
21851,1
46148,1
27521,0
23582,0
34559,0
98626,1
20104,0
19225,0
66485,1
29375,1
74799,1
36039,0
20652,0
91797,1
13711,0
12506,1
25370,1
87330,1
31538,0
99999,1
29163,1
88411,0
85082,1
83505,0
54250,1
68118,1
95351,0
27627,0
16154,0
16094,1
51298,1
83221,0
79685,1
17992,0
24048,0
80533,1
37636,1
81741,0
25923,1
16507,1
64377,1
64346,1
47189,1
36188,1
47087,0
22932,1
16426,0
81284,0
77673,1
18514,0
56974,0
52624,1
38752,1
53371,0
78423,1
87772,0
30808,1
14119,0
47475,1
25012,1
27239,0
32686,0
70619,1
21395,1
87433,1
93618,1
52838,1
72611,1
81939,1
79660,1
21074,1
66868,0
18579,1
90599,0
60635,1
97708,1
63066,1
44786,1
38757,1
36812,1
75052,0
88480,1
56631,0
92143,1
87839,0
29615,0
32751,1
41991,0
65199,0
30483,0
79565,1
87728,1
89551,1
57447,1
82631,0
20460,1
88125,0
71901,1
47904,1
18869,1
34217,0
72505,1
30285,1
31783,1
45955,1
89292,0
55636,1
19564,1
43888,1
17152,0
39706,1
60868,0
40241,1
89220,1
45785,1
12192,1
54212,1
75471,0
13864,0
89508,1
71628,0
42096,1
30926,1
17456,1
66363,1
19626,1
21380,1
74740,0
88187,1
40299,1
95023,1
24865,1
57887,0
36142,1
94206,1
51881,1
87816,1
38837,1
57263,0
30748,1
55464,1
10415,1
70547,1
20240,0
27449,0
85952,1
20233,0
14002,0
11317,1
43776,0
39133,1
29605,1
16902,1
23588,1
24754,1
93350,1
29546,0
66401,1
41890,1
26843,1
72128,0
85292,1
87612,1
78551,1
15235,0
84529,0
55160,1
69456,0
35873,1
45173,0
49283,0
55656,0
98581,0
94138,1
67733,1
15387,1
21120,1
72052,0
42207,1
30052,0
91335,0
70240,1
79204,1
63592,1
56365,0
70844,1
89072,1
54017,0
81386,0
64401,0
32193,0
51750,1
73183,1
47083,1
36976,1
47872,0
72771,0
82934,0
98006,0
64831,0
77959,1
76462,1
81786,1
86677,0
54972,0
88554,1
16525,0
39808,0
56627,1
86106,1
41290,1
48446,0
94308,1
59474,1
44763,0
20301,0
52092,1
37176,0
62581,1
88091,1
18613,0
90010,1
85750,1
94688,1
91681,1
51215,1
95282,0
82130,0
30922,0
62510,1
48558,1
27995,1
66893,1
37080,0
55693,0
61166,0
39871,1
67432,1
50202,1
88907,1
53426,1
64651,0
86960,0
77976,1
92801,1
68529,0
63516,1
42632,0
54336,1
72018,1
71873,0
91930,1
64673,1
53923,1
62699,1
69893,1
55029,1
61864,1
30443,1
70870,1
19837,1
46651,1
11615,1
70456,1
41632,1
70741,1
67062,1
79178,0
33969,1
45018,1
87260,1
13262,0
81867,1
57001,0
52319,1
46444,1
80463,0
47643,1
26701,1
29936,1
87566,0
84857,0
10822,1
55472,1
30677,1
61949,1
64446,1
57869,0
59170,0
30889,0
22863,0
85717,0
30571,1
28512,1
88531,1
29331,0
51533,1
46517,1
27389,1
65336,1
54436,0
19838,1
79842,0
45013,0
87165,0
73074,0
25254,0
52436,1
40512,1
80268,1
38804,1
55371,0
33356,1
13069,1
22478,1
35055,0
72683,1
99459,0
74970,0
40437,0
47976,1
65114,1
85149,0
10396,1
93956,0
88047,0
18957,1
99993,0
58674,1
94242,0
87620,1
31134,1
71621,0
62579,1
84167,1
70570,1
10261,0
59972,0
11276,1
22537,0
50779,1
99584,0
48734,0
79168,0
50884,1
73591,1
52535,1
46187,1
98132,0
99403,1
67610,1
75234,0
25306,0
99567,0
53895,1
16665,0
49268,0
99230,1
57750,1
58216,1
44243,1
60789,0
69796,1
28184,0
88632,0
60961,1
27796,0
70199,1
12009,1
93711,1
92548,0
52363,1
65765,1
85247,1
30258,0
34461,0
57358,1
62505,0
73390,0
95227,1
39710,1
64140,0
94902,1
67682,1
56837,1
16895,1
60145,1
10078,1
29480,0
85061,0
64332,1
52036,1
16822,1
60911,1
54231,0
17746,0
23816,1
67799,1
25449,0
27397,1
58067,1
61280,0
72991,0
18851,1
26272,1
37498,1
69520,0
22077,0
96511,0
98059,0
34148,1
87071,1
93238,1
67177,0
63788,0
75647,0
27176,1
80151,0
39830,1
82883,0
23466,1
72033,1
94527,1
36094,1
92404,1
37525,1
98545,0
85787,1
55039,1
90130,0
42092,1
47586,1
71502,1
71498,0
51419,1
76527,1
82653,1
67729,0
22539,1
15434,1
48684,0
56567,1
87466,1
17855,0
66626,1
94717,0
79717,1
98713,0
75921,0
67870,1
82132,1
46771,1
42105,0
74302,0
33020,0
50039,0
83065,1
26870,0
28878,1
39071,0
72127,1
79066,1
61076,1
15287,1
54308,0
29449,1
77899,1
24728,1
90579,1
96370,1
68718,0
53352,1
32079,1
25655,1
24538,0
93157,1
97117,1
42933,1
51414,1
42539,0
88352,1
32984,0
19791,1
84144,0
98865,0
84963,1
18784,1
47143,1
23462,1
14074,1
45561,0
21181,1
67104,0
94915,0
61487,1
79248,1
98805,1
73417,0
76736,1
82963,0
69891,0
26178,1
43735,1
52523,1
33204,1
69840,0
20480,1
27070,0
68944,1
88694,1
17922,1
80256,1
79931,0
29481,1
92149,1
74042,1
60299,1
72324,1
39716,1
89272,1
85090,1
69873,1
56692,0
47304,1
68427,0
54074,1
84519,1
24621,0
52806,0
55109,1
61987,1
38647,1
50940,1
68743,1
97982,0
81659,1
78287,0
40537,1
33456,1
89191,1
87184,0
60146,0
88339,1
62111,0
64002,0
13860,1
32342,1
82170,0
32607,0
59369,0
25994,0
28665,1
54729,1
18006,1
51120,1
80769,0
82423,1
33956,1
25007,1
91545,0
66616,1
41114,1
83624,1
20359,0
99982,1
77471,1
67091,1
16254,1
25682,1
41183,1
57540,1
93681,0
29887,0
74409,1
11885,1
18585,0
33405,1
90745,1
74634,1
80804,0
60818,0
56540,1
67198,0
37759,0
64099,0
34733,1
22026,1
46842,0
39715,0
40549,1
87095,1
31349,1
14127,0
64166,0
88502,0
26673,1
94015,0
81814,0
82528,1
93080,1
86933,1
81320,1
61694,1
28611,1
62456,0
43169,0
87178,0
11851,1
17708,1
44039,0
37692,1
19311,1
52431,0
40493,0
61936,1
25855,0
56784,1
54260,0
24126,1
64807,0
31992,1
65203,1
46497,1
12954,0
15856,1
79045,1
27173,0
40828,1
38272,1
50319,1
90790,0
77083,0
56803,1
58351,1
76672,0
29194,1
49597,0
79299,0
13943,1
81557,0
86121,1
32376,1
73607,0
80688,1
46291,1
68207,0
16540,0
83359,1
65323,1
63267,0
65723,0
88847,1
95905,1
80284,1
63955,0
12767,0
37985,1
82984,1
37707,1
90330,0
31153,0
85454,1
69850,0
16674,1
85766,0
93571,1
24557,1
26920,1
17115,0
55388,0
40605,1
85341,1
16725,1
41933,1
96818,0
80631,1
69596,1
78719,0
84193,1
19077,0
94188,1
52424,1
58033,0
19849,1
17197,0
65320,1
19429,0
51709,1
44967,0
95334,0
44181,1
35609,0
88562,1
71623,0
73120,1
69424,1
58177,1
99765,0
12815,0
19637,1
26616,1
52104,0
76952,0
23681,0
18239,1
77302,1
30232,0
12942,0
70415,1
32983,1
44814,1
68394,1
92606,1
92890,1
72642,0
95126,1
78019,1
55838,0
32398,1
69937,1
94018,1
56386,1
12018,1
14131,1
68051,0
47797,0
25627,0
98108,1
83411,1
37724,0
80642,0
93717,1
10131,0
25653,1
17957,1
27322,1
22524,1
88077,0
46231,0
45638,0
50888,1
55922,1
66524,0
80550,1
91613,1
82432,1
20447,0
35971,0
95976,1
80513,1
29758,0
94888,1
69000,0
48200,1
14666,0
49129,1
78898,0
89058,1
52540,0
99504,1
85067,0
64451,0
21939,1
12122,1
68121,1
58823,1
98459,1
47811,0
81543,0
64020,1
92401,0
56362,1
67917,0
97202,1
59725,1
65067,0
62719,1
31068,1
11185,0
58590,1
43263,0
80869,1
25493,1
94808,1
70933,0
18237,1
46506,1
20070,0
76321,0
85631,1
15772,1
36563,1
71089,0
40992,0
48462,0
56131,0
95605,1
35475,1
34696,0
55252,1
67675,0
69636,1
72114,0
33689,0
69168,1
63927,1
42264,0
43996,0
79114,0
53688,1
69975,0
77571,0
96308,1
71037,0
41295,1
30223,1
72689,0
57018,0
43360,1
34637,0
21101,1
50824,0
17848,0
48034,1
31229,1
11958,1
73624,1
29850,1
94562,1
39235,1
45118,0
29445,0
76380,1
23087,1
98808,1
59982,0
83850,1
37963,0
25300,1
41751,0
34045,1
94722,1
60298,0
47492,0
17878,1
47602,1
17328,1
35301,0
37332,0
76517,0
80288,0
88213,0
79222,1
47209,1
26558,1
96469,0
89753,1
31497,1
39017,0
40254,0
66555,0
82856,0
58526,1
53750,0
32383,0
13796,1
51864,1
85085,0
18488,0
26632,0
96500,0
46998,1
25216,1
10273,0
17034,0
66165,1
12729,1
83287,1
67747,1
98620,1
48401,0
12900,1
10753,1
76995,0
98342,1
32115,1
96439,1
25404,0
37359,1
55114,1
65034,1
56860,1
46239,1
79922,1
53272,1
73932,0
84962,0
83646,1
27335,0
10864,1
95918,1
42236,0
24723,1
36222,1
32154,1
78623,0
10692,0
19542,0
24300,1
32018,0
18048,0
53842,1
85156,1
84407,1
27002,0
81703,1
59042,0
73641,1
84666,1
17074,0
88774,0
18116,0
31957,1
25530,0
62103,1
41726,1
74392,0
18256,1
97309,1
17347,0
78270,0
31365,0
41615,0
56988,1
32389,1
39500,0
10662,0
45870,0
20348,1
67063,1
84475,0
86689,0
79817,1
88192,1
95758,0
31411,1
15882,1
79797,0
87299,1
51483,0
32036,0
60544,1
15170,1
96799,1
59969,1
85705,0
96604,1
18678,0
81855,1
86592,1
68667,1
99973,1
62488,0
56381,0
79174,1
93645,0
71733,0
50144,1
43099,0
66244,0
65731,1
96184,1
96319,0
48701,1
29956,0
69917,0
42433,0
75491,1
81349,0
73515,1
50757,0
91317,1
54514,0
94483,1
75663,1
38208,0
94887,1
50023,1
71670,0
29148,0
44567,0
32671,0
24150,1
28426,0
85239,0
59227,1
42483,0
94342,1
52795,1
96072,1
77277,0
21822,0
98950,1
20772,1
98288,1
92568,1
83951,1
40514,1
65797,0
37101,1
78492,0
76448,0
72873,1
56165,0
38522,0
79513,0
27339,1
31845,1
66229,0
35124,1
15799,1
65249,1
66629,0
30518,0
41119,0
21232,0
32148,1
55118,1
66603,0
34230,0
97080,1
29579,1
95812,0
64386,1
87397,1
65935,1
12128,0
79489,1
78390,1
19751,1
67667,1
86640,0
37125,1
17050,0
38869,1
92603,0
15796,1
34211,1
31955,0
36114,0
24679,1
79361,1
51541,1
36167,1
26817,0
13926,1
86163,1
25819,1
87482,1
55582,1
90809,0
89270,1
65983,0
18704,1
56140,1
94659,1
98810,0
45389,1
67613,1
47382,0
48452,1
26299,0
43152,0
45484,0
49513,1
32176,1
69499,1
40891,1
44369,0
38705,1
80017,1
55005,0
76433,0
53713,1
56580,1
63736,0
94790,1
59277,1
60510,1
79025,1
31193,1
14630,0
91234,0
26637,1
38307,1
12486,1
37810,0
77681,0
84133,0
76222,0
42284,1
11865,1
76878,1
81671,0
84205,1
67041,1
13825,1
14847,1
83641,0
74532,1
34672,1
75031,0
64230,0
30332,0
38577,1
75536,0
40833,1
30849,0
94458,1
41473,1
55003,0
52184,0
74445,1
47599,1
92818,1
72965,1
86298,1
62970,1
77427,1
99921,1
90744,1
91515,0
95682,1
91851,1
71614,1
72535,0
27616,1
32457,1
90179,1
85229,0
75951,1
24671,1
70384,1
91018,1
89129,1
97826,0
84964,1
43216,1
20109,1
73768,0
77194,0
30855,0
14952,1
64369,0
83512,1
76965,1
87469,1
93013,1
20995,1
34607,1
89160,0
95645,1
24945,1
87292,0
61167,0
64396,0
80220,0
19669,0
64380,0
81261,0
49549,1
12641,1
46749,1
30150,1
58752,1
61843,1
81573,0
49514,1
51883,1
89195,1
25118,1
46163,0
21315,0
22346,0
63231,1
54597,1
86568,1
81834,1
35499,0
46396,1
16722,1
96151,0
73492,0
15301,1
44787,1
51721,0
37623,1
91032,0
27512,0
16179,1
11394,0
67646,0
25176,0
75973,1
99809,1
44034,0
80177,1
19307,0
33338,0
49294,1
11097,1
78238,1
65473,1
78787,0
26631,1
72558,0
21135,0
56924,0
78425,1
65933,1
62413,1
32764,0
63627,0
11294,1
87061,1
74691,0
79380,0
74387,1
49002,0
33809,0
33755,1
46168,1
46562,1
19023,1
66657,1
40115,1
71249,0
94646,1
42190,0
15610,1
15989,1
84225,1
32199,1
28411,1
13574,0
67137,1
31926,0
58636,1
41536,1
24996,1
22943,1
43972,1
88754,1
77414,0
88167,1
77286,0
59710,1
65923,0
24585,0
43108,0
80510,1
12321,1
32562,1
77797,0
66511,1
70825,1
18469,1
33040,1
26601,1
65132,1
64790,1
62623,1
83141,1
45944,1
53743,0
84873,0
69450,1
47309,0
38707,0
55440,1
55555,0
13296,1
39615,1
92719,0
37664,1
67423,1
47990,1
88908,1
27423,0
13501,1
71274,0
83171,1
45452,1
86161,0
99037,1
54375,1
41569,1
61642,0
83306,0
62772,0
69012,1
28594,1
38702,1
71761,1
33425,0
41149,0
88225,0
56073,1
64689,1
76990,1
64823,0
72338,0
50749,1
50889,1
50084,0
15325,1
89310,1
20918,1
67443,0
70941,1
50433,0
81716,0
29976,1
55974,1
99718,1
36649,0
73790,1
38358,0
95091,0
52143,1
75210,0
59542,1
21274,1
36131,0
19632,0
15995,0
54671,1
28919,1
47664,1
21161,1
25681,0
84599,0
28344,1
60933,1
70321,1
77656,1
54623,1
30498,0
40040,1
27890,0
21919,0
98043,0
91561,1
48177,1
70811,1
80677,0
46537,0
48970,0
54942,0
91477,0
43723,0
78201,0
82093,1
99124,1
99796,1
86645,1
92712,1
22905,1
56244,1
34670,1
37964,0
92046,0
84783,0
85792,1
50060,0
31710,0
88246,1
58795,0
30517,0
39016,1
54625,1
51839,0
94656,0
28329,1
20040,1
64214,0
79514,1
96069,0
59209,1
26546,0
18498,1
62344,0
55955,1
34920,1
12490,1
75191,1
90281,0
18079,1
11424,1
66811,0
44336,0
65027,1
24156,0
38534,1
25656,1
83878,1
38810,1
30948,1
78303,1
31611,1
66588,1
60780,0
22633,0
98300,1
86888,1
69663,1
84136,0
68918,1
98603,0
87994,1
38821,1
67855,0
70482,1
68839,0
15952,1
50135,1
30290,1
55751,1
55026,1
91229,1
39607,0
99866,0
28342,0
49916,0
98834,1
14385,1
24184,0
66536,0
63110,1
45203,1
14047,0
34527,1
49270,1
64521,0
81950,0
58809,0
91689,1
33577,1
46014,0
99101,0
29307,1
38487,1
92301,0
78005,1
83036,0
17134,0
46336,1
39879,1
52335,0
70172,1
71691,1
73584,1
40924,0
63900,1
99519,0
38249,0
93564,1
38784,1
79932,0
47965,0
37444,0
22198,1
66328,0
58608,1
63963,1
45608,1
51915,0
45557,0
68439,1
35761,1
54558,0
29798,1
11832,0
23055,0
77234,1
19570,0
19680,1
67997,1
55843,1
47363,0
29842,1
66621,1
14741,0
77933,0
17396,1
51110,1
17836,0
15751,1
67052,1
99474,1
12260,1
65436,1
25789,1
28025,1
97732,1
87254,1
90406,1
22055,0
26794,0
16562,0
96050,1
45760,1
75070,0
17539,1
89386,1
58954,1
99816,0
38931,0
33508,1
39301,0
94070,1
19295,1
49240,1
36144,1
31577,1
72900,1
89323,0
84983,1
68591,1
38748,0
76491,1
89171,1
44295,1
46053,1
59280,1
94438,1
24040,1
58714,1
32045,0
29617,0
94696,1
67896,1
82468,1
28569,0
12470,1
23537,1
64167,1
69460,1
33163,1
40974,0
74327,0
99182,0
38720,1
14000,1
97375,0
15027,0
86390,1
24328,1
75223,0
34844,1
36986,1
95364,1
56590,1
48290,0
40465,0
51089,1
90605,1
77191,1
60747,0
76307,1
23069,1
25420,1
75481,1
92406,0
51446,0
36406,1
14946,0
23902,0
25633,1
59006,1
22431,0
77449,0
81602,0
90473,1
27773,1
79357,0
85365,0
65382,0
14546,0
36644,0
94670,0
78376,0
51160,1
30884,1
86162,1
73254,1
32645,1
13175,0
54500,1
77463,1
35237,0
64950,1
70557,1
13969,0
62099,1
10393,1
45867,1
86882,1
17251,0
84355,0
88901,0
88465,1
47169,1
51649,1
27786,0
95847,1
71156,1
72126,0
29072,1
32833,0
71352,0
20001,0
46899,0
94547,1
11999,1
14212,1
92515,1
65677,1
47648,1
57623,1
43552,1
23276,1
36422,0
14850,0
71780,1
51482,1
13861,1
43925,0
78482,1
74440,1
18231,1
91721,0
39076,1
71631,0
94122,1
16927,0
41360,1
56390,0
12572,1
23672,0
73115,1
75463,0
12366,1
27447,1
52712,1
42796,0
40046,0
22652,0
59866,1
40562,0
18291,0
58148,1
29234,0
20382,1
66554,1
65601,0
52138,1
18487,0
75888,1
67624,0
45985,0
73191,1
87127,0
75664,1
53288,0
73837,1
13066,1
49976,0
17785,1
30637,1
29666,1
63778,1
87310,1
71285,0
70035,0
16637,1
24375,1
25247,1
51766,1
37621,0
78076,1
43522,1
76592,1
59310,1
65850,0
80310,0
61266,1
62564,0
79661,1
53284,1
93261,0
63860,0
17592,1
29321,1
88486,0
26379,1
28394,1
96465,1
72967,1
49953,1
92084,1
68220,1
44449,1
44454,1
28389,1
32570,0
80127,1
37425,1
39421,1
96080,1
47341,1
97526,1
78820,0
96522,1
29394,1
17166,1
58140,1
68816,0
20500,1
73998,1
79159,0
83955,1
42396,1
27172,0
23456,1
65176,0
66596,0
40806,1
96728,1
96340,1
46002,0
85499,1
33906,1
18205,0
79515,0
17213,1
81173,1
77027,0
87441,1
62153,1
81638,1
76497,1
44159,1
12146,1
93221,0
20157,1
14653,1
85559,1
83273,1
49352,0
10780,1
39362,1
16158,0
71055,1
96387,1
45949,1
46989,0
97935,1
36902,1
99406,1
75756,1
69593,1
31044,1
70124,1
39102,1
30007,1
87151,1
11790,0
73356,1
78392,1
97269,1
17682,0
59197,0
52534,1
52194,1
92178,1
52016,0
14209,0
41881,0
77200,0
72874,1
50381,1
29533,0
49709,0
90896,1
11385,0
35345,0
83444,0
38119,1
24336,1
58487,1
42914,1
78387,1
59166,0
47274,1
73462,0
43189,1
58200,1
51365,1
27601,0
26934,0
13890,0
78625,1
68840,1
95542,1
39762,1
76616,1
98295,0
53463,1
82935,1
73126,0
26142,0
43266,1
96934,1
65434,0
97500,1
16695,1
75769,1
28102,1
39548,1
91816,0
72821,0
86342,1
84759,0
66280,0
52714,0
47431,0
17928,1
28966,1
88154,0
62184,1
68982,1
48603,0
40689,1
19288,1
19439,0
83975,1
95165,0
29623,0
60915,0
12714,1
67166,1
46520,1
88240,0
25506,1
29641,1
36724,1
63806,1
86939,1
96633,1
50768,0
20022,0
90868,1
14056,1
59174,1
30349,1
71509,0
39069,1
15749,1
26529,1
33507,0
85069,0
48096,1
80439,1
41854,1
78012,1
69563,1
58570,1
58966,1
90114,1
21401,1
87452,1
58318,0
65981,0
26118,1
11527,1
50713,0
98737,0
46073,0
65534,1
85353,0
28446,1
71735,1
12853,1
99346,1
23574,0
43977,0
51512,1
80143,0
60206,0
68903,1
60822,1
25455,0
65652,0
42601,0
30343,1
20747,1
77632,1
46927,0
35579,1
38701,1
23459,0
24379,0
19357,1
25687,1
86435,0
44452,0
47359,1
26912,1
63046,1
58125,1
75781,0
40735,1
21273,1
79637,0
80115,1
64590,0
18127,1
14230,1
70735,1
71709,0
65785,1
15733,1
25187,1
16834,0
50272,0
63170,1
65038,0
22899,1
60631,0
65725,1
89905,0
37886,1
63477,1
14093,0
20190,1
94105,1
36326,1
62797,1
82632,1
15156,1
45446,1
71411,0
47118,1
46500,1
56628,0
45260,1
82069,0
75824,1
30012,0
34635,1
35391,1
15965,1
49358,1
55886,1
59250,1
73138,1
70668,0
95969,0
47757,1
96570,1
94287,1
76574,0
65307,1
59861,0
27776,1
53818,1
79176,1
47373,0
42858,1
13517,0
61199,0
43013,1
88503,1
52179,0
50212,1
81948,1
12533,1
21015,1
54850,1
47287,1
11952,1
66757,0
89385,1
47649,1
45513,1
95151,1
81302,1
32391,1
92317,1
50819,0
98566,0
83051,1
24548,0
44619,1
21387,0
54238,0
25501,0
50788,0
87170,1
59113,0
28825,1
17768,0
55116,1
49498,1
11533,1
10255,0
69635,1
98853,0
95920,1
43468,1
84078,0
79689,1
98012,0
17329,1
28228,0
93971,0
58049,1
61024,0
41814,1
29706,1
63272,0
93833,1
57953,1
43795,1
32782,1
69234,1
32354,1
39144,0
36496,0
42058,0
72518,1
56844,1
80057,0
43405,1
82403,1
67261,0
42197,1
26353,0
25403,1
92333,1
18569,1
70975,0
48748,1
19350,0
49669,0
16045,1
34831,0
43563,0
83607,1
72111,1
20864,1
86932,0
53077,0
20919,1
12011,1
19116,0
81765,1
40595,1
85850,1
97486,0
83801,0
91888,0
63347,0
20085,1
44916,1
46342,0
49472,1
10730,0
70120,1
41801,0
23102,1
88787,1
59436,1
42543,0
36440,0
57012,1
70450,0
91604,1
15082,1
60864,0
95216,1
70031,1
59236,0
12104,1
59047,1
12817,0
92634,0
99057,0
41203,1
81331,0
35872,0
44484,1
61856,1
10358,1
43202,1
41278,1
29048,1
77740,1
39960,0
18791,1
39130,1
90654,1
54921,1
81239,1
15018,0
22014,1
10403,0
17656,1
13083,1
86541,0
61043,0
75809,1
67478,0
11469,1
87867,0
93839,1
52182,1
41635,1
48658,1
82516,0
29516,1
98807,0
39385,0
30502,1
94694,0
57796,1
18822,1
45060,1
58924,1
42159,1
29249,1
18694,0
42738,1
77677,1
22704,1
59292,1
69063,0
43295,0
78519,1
96962,1
34264,1
57707,1
52746,0
17017,1
90009,1
91900,0
40965,1
24605,1
55758,1
35153,1
83137,1
68755,1
49315,1
37559,0
27014,1
38902,1
67424,0
45697,0
60625,1
80544,0
59479,1
65108,0
71121,0
26480,0
31978,0
69802,1
24770,0
74865,0
26295,1
50966,1
14183,0
14903,0
76674,0
70472,0
97324,1
85909,1
62004,0
66072,1
64914,0
40935,0
77195,0
60160,1
87089,0
72019,1
25045,1
45633,1
42576,1
16557,1
20993,0
34768,1
95673,1
68365,0
89507,0
33206,1
22040,1
82079,1
32962,1
61131,0
75543,1
19884,1
11104,1
88568,1
49437,1
76301,1
39350,0
34226,1
19828,1
27178,0
14785,0
33999,1
91411,1
62402,0
63970,1
81887,1
26894,1
78522,1
52872,0
71493,0
30706,0
91039,0
55820,1
65299,0
31459,1
66314,0
19506,1
15141,0
44521,0
34488,1
88514,0
23129,1
15397,1
27151,1
73186,1
69993,1
57078,0
73246,0
89044,0
65636,0
56111,1
98383,1
52476,1
44681,1
27607,0
50334,1
33004,0
61645,1
25098,1
45117,0
19329,1
80807,0
40394,1
83072,0
71462,0
62129,1
53466,0
77880,1
49913,1
56041,1
40482,1
16002,1
17038,1
49131,0
10402,1
18305,1
46924,0
75248,0
78391,1
53343,1
97983,1
59207,0
29410,1
34400,0
15975,1
36233,1
59200,1
46806,0
21890,0
59572,1
42768,0
79036,1
55486,1
57242,1
43901,1
24201,0
83199,1
83815,0
68350,1
47889,0
62610,1
49566,1
78452,1
93687,0
14561,1
53106,0
78900,1
15229,1
83922,1
91381,0
58147,0
95800,1
41385,0
21253,1
26317,1
89433,1
57432,1
97881,0
16839,1
12762,1
36792,0
65468,1
73106,1
39601,0
76874,1
36958,1
92238,1
24257,0
82450,0
76366,1
59446,1
84236,1
23863,0
14147,1
92441,0
84455,0
53331,1
68446,1
77033,0
53910,0
99488,1
56090,0
66033,1
13904,0
36041,0
20740,0
35963,1
21751,0
11367,0
66996,1
73596,0
80434,1
83755,1
90264,1
76249,0
44040,1
27659,1
10739,0
43166,0
69545,0
77987,1
63717,0
59610,1
93521,0
50683,1
28043,1
48517,0
36365,1
74238,1
26691,0
12209,1
47914,0
68428,0
22635,1
93442,0
64594,0
49405,0
79054,0
28772,1
71564,1
32326,1
74092,1
75185,1
79582,1
75717,1
16884,1
62655,1
33777,0
50153,1
56801,0
54970,1
44478,1
27938,0
59808,1
80517,0
82235,0
88173,1
98736,0
65556,0
92026,0
36202,1
40983,0
34498,1
10974,1
84811,1
40497,1
34441,1
15682,1
80014,1
36237,1
13454,0
65342,1
84474,1
47173,0
49107,1
78448,0
21660,1
36569,1
59465,1
70655,0
38384,1
44743,0
33826,0
99813,1
93435,0
38651,1
82680,0
24322,0
55467,0
34123,0
64125,1
46198,1
38262,1
33536,1
63948,0
76360,1
25002,1
62193,1
56919,1
10832,1
82719,1
47967,1
88174,0
74106,0
64503,0
43969,1
56570,0
22202,0
97825,1
70599,1
95136,0
82029,1
46125,1
19294,1
26554,0
28252,1
68176,1
93978,0
49347,1
39567,0
71886,0
72939,0
25194,0
73369,1
28500,0
48541,0
83213,0
54089,1
12207,0
35127,0
60998,0
48686,1
33258,0
90459,1
46229,0
25735,0
13172,1
65945,0
33148,1
18311,1
19096,0
61534,1
22942,1
68705,1
49005,0
97410,1
69322,1
75393,1
12230,1
49552,1
68468,0
61950,0
73346,1
62742,0
24519,0
74797,1
10147,0
90921,1
37854,1
31298,0
43854,1
91365,1
27117,0
99933,1
24478,0
12225,0
76590,1
21898,0
28519,0
84209,0
64253,1
66925,1
12935,1
26754,0
26293,1
78713,0
11136,1
61805,1
94885,1
91688,0
49678,0
25099,0
93199,1
97288,0
53078,1
22227,1
44581,0
28275,0
39284,0
15322,0
54714,0
35200,1
48316,1
26974,1
68286,1
15121,1
40146,1
66593,1
48074,1
30185,1
88619,0
55557,0
31784,1
23164,1
48459,1
71974,0
37795,1
28656,0
77537,0
33910,0
28396,1
74847,1
51204,0
93659,1
69668,1
65702,1
11581,0
47683,1
93065,1
11742,0
19743,1
18394,0
50563,1
70398,0
12542,1
93944,0
25833,0
27038,1
57075,1
73898,0
63045,0
45300,0
38777,1
87434,0
15161,0
43828,0
75054,1
30980,1
62213,1
53815,0
41056,1
82009,1
91057,0
22950,0
28844,1
72064,1
34044,0
84925,1
33955,0
23155,1
68373,0
57044,0
46113,0
48928,1
63833,1
37725,1
47182,1
16590,1
79397,0
80643,1
34775,0
11883,0
98466,0
80436,0
31016,0
47400,1
74067,1
15100,1
13337,0
69904,0
28868,1
33259,1
84278,0
70709,1
83568,1
17305,1
25429,1
48077,0
58237,0
33616,0
44144,1
83903,1
98966,1
44757,1
46223,1
91916,1
29841,1
67654,0
87624,0
64496,0
18776,0
74154,0
17810,1
18619,1
50572,1
87735,0
84713,1
16259,1
28302,1
54540,1
99399,1
33647,1
46877,1
30203,0
31270,0
35115,1
66675,1
75991,0
74157,0
36254,1
96914,0
70775,1
18769,1
19289,0
30898,0
42925,1
55093,1
21069,1
47982,1
32313,0
92450,0
47408,1
15432,0
88613,1
65279,0
63190,1
22418,0
42580,1
23970,0
49452,0
95359,1
39561,0
89671,1
90365,0
58281,0
22074,1
80286,1
67264,0
42581,1
56380,1
57614,0
12446,1
11520,0
58619,1
83996,0
26741,1
23951,0
38207,1
34018,1
24683,0
51894,1
61462,1
25450,1
47105,1
60917,0
44883,1
23954,1
66223,1
25220,0
77786,1
43455,0
53412,0
51591,1
76316,0
49789,0
80694,1
61393,0
63690,1
86460,1
70956,0
85228,1
92862,1
95929,0
68811,0
45179,1
95426,0
65023,1
35220,1
35988,1
62390,0
36553,0
66374,0
20114,1
71339,1
81488,1
11511,1
50367,1
88254,0
24316,0
66299,1
95973,0
31108,0
35920,1
19579,0
39068,1
25336,0
90746,1
66068,1
54055,1
60262,0
73699,1
65139,1
70405,1
67105,1
88263,0
75683,1
89501,0
27368,0
42737,1
72244,1
38940,1
69638,0
24067,0
12272,0
12329,1
44275,1
59947,1
95256,0
79460,0
14562,0
59025,1
29400,1
24570,1
73991,0
68304,0
71905,1
13072,0
91153,0
27088,1
22622,0
69054,1
61369,0
86011,1
75593,0
30762,1
55382,1
54374,1
99494,0
74927,0
85701,0
69405,1
31566,0
98211,0
82091,0
51171,1
50172,0
75274,0
31591,1
82098,1
93859,1
59284,1
18804,0
87356,0
55231,0
72390,0
80285,0
19872,0
55617,0
91142,1
54444,0
49110,0
36079,1
23425,0
43792,1
41941,0
27208,0
73828,0
23159,0
61508,0
73113,0
64415,1
82399,1
96481,1
14963,1
70357,1
70938,1
36424,1
84752,0
22696,0
26633,0
60466,0
40638,1
57174,1
74798,0
62799,1
94978,1
35120,1
17733,0
86221,0
17407,0
28777,0
61097,1
21561,1
29203,1
45669,1
88841,0
82553,1
95660,0
21770,1
64239,1
27390,1
93165,0
85248,0
85540,0
83152,1
12453,0
81201,0
81012,0
28771,0
38442,0
49854,1
78465,1
39020,1
15006,0
15061,0
71329,1
40496,0
46335,1
95119,1
56376,1
71455,0
43438,1
20505,1
50191,1
92306,1
30398,0
42248,1
59155,0
42118,1
96154,0
29434,1
52558,0
16729,1
43924,0
58317,1
35238,1
26969,0
52600,0
49656,1
63588,1
66469,1
85543,0
47214,1
42527,0
84329,0
90576,1
80915,0
82088,1
88869,1
70051,1
72093,1
81514,1
75264,1
33509,1
15574,1
42759,0
23991,0
41079,1
36619,0
52799,1
37259,0
45331,1
64927,0
13121,0
29871,0
66152,1
25650,1
45123,0
44180,1
67357,0
34009,1
62431,0
59112,1
32517,1
61838,1
28119,0
86356,0
33636,0
84304,1
54417,1
51971,1
10455,0
17503,0
14015,1
32400,1
59615,0
30374,1
84762,0
47805,0
95150,1
75161,1
18662,0
41787,1
24401,1
86076,0
50312,0
66895,0
81003,0
15978,0
13010,1
18996,0
15651,0
82854,1
44446,0
46170,1
82463,0
97817,1
95930,0
70016,1
97254,1
23768,0
66479,0
53438,0
28322,1
67973,1
11804,1
44340,0
57925,0
45643,0
66881,1
49745,1
21170,1
73083,1
11877,0
13199,1
91278,0
47653,1
75823,1
87956,1
34032,1
32042,1
58806,1
53695,1
66151,1
56729,0
22324,0
10089,1
72043,1
63533,0
97167,1
39697,0
49783,1
34434,1
50988,0
62860,0
38124,1
37501,1
95248,0
31879,0
55457,1
18581,0
92609,1
79925,0
31483,1
33486,1
21853,0
36107,1
65079,0
67554,0
53374,0
35472,1
64232,1
33672,0
55591,1
15786,0
94595,1
24220,1
15936,1
41531,0
51615,0
48590,0
35733,1
47523,1
53004,1
96742,1
15168,0
95128,0
39713,0
81231,1
90985,1
98646,1
14940,1
77862,0
50954,1
49158,1
84487,0
46150,1
78612,0
26176,0
99788,0
46059,1
36647,1
59401,0
83890,1
18660,0
39114,1
16963,0
51553,0
50234,1
21495,1
37955,0
41749,1
89399,0
38664,1
86622,1
19432,1
50857,1
60246,0
59147,0
75980,1
46094,1
72869,0
53351,0
65442,0
95402,0
12945,0
82393,1
72227,1
18751,1
95404,0
49683,0
98203,0
12102,0
68502,1
48989,1
72096,0
72414,0
62542,1
39829,0
66206,1
89593,1
20357,0
10611,0
41651,0
77543,1
52361,1
55259,1
80075,1
27157,1
22580,0
29718,1
93180,0
20739,1
76470,1
50928,1
56255,0
69579,0
24601,1
14634,0
20066,0
21297,1
26033,1
61997,1
84289,0
84479,1
74617,1
18021,0
51665,0
63826,0
50048,0
91734,0
23294,0
85343,0
46477,0
18567,1
11493,1
29670,0
81845,1
23275,1
16380,1
94699,0
74369,0
68556,1
66804,0
80465,1
12123,0
88326,0
88012,1
36302,1
24474,1
32336,0
43260,0
16868,0
56979,1
50037,1
97709,1
31215,1
70797,1
51039,0
13314,1
52258,0
98407,1
98595,0
14471,1
97617,0
43817,0
14224,0
26841,1
75084,1
91289,1
11488,0
84135,0
81474,1
60436,1
60390,0
86363,0
25304,0
10395,1
70604,1
15144,1
46419,1
19015,0
96878,1
66264,1
59735,1
28758,1
82263,0
48217,1
83474,1
46809,0
47743,1
57173,1
32356,1
45426,1
97280,0
22499,1
72710,1
10632,1
95078,0
87296,0
93504,0
98094,1
38094,1
62045,0
44431,1
89254,1
20363,1
80041,0
95821,1
64874,0
64828,1
13390,1
18870,1
63763,0
78601,1
76991,0
49089,0
92386,0
92725,0
60202,1
95595,0
33984,1
72502,1
49478,0
47784,1
58908,0
84607,1
14444,1
77067,1
88946,0
33190,1
51661,1
87675,0
45311,1
42990,0
58773,0
80984,0
47555,1
60291,1
63022,1
48019,0
97883,1
19745,0
73427,1
18781,1
72061,0
92678,1
92210,0
99785,0
36972,0
34632,1
67280,0
60019,1
99762,1
56260,1
26688,0
46083,1
40320,0
59998,0
76676,0
79911,1
25771,1
21400,1
84727,0
70944,1
62766,1
57109,1
91060,1
17001,1
94324,1
60650,1
97177,0
91252,1
43907,1
71503,0
94983,1
39256,1
77290,1
12097,1
53870,1
72878,0
57734,0
53370,1
97590,0
93329,1
71106,1
35179,1
81213,1
80010,0
93429,1
83759,0
24769,0
84018,0
27730,1
54216,0
64664,0
83615,0
80341,0
87656,1
29314,1
36248,1
78650,1
18782,0
20002,1
22264,1
74127,1
11267,0
59518,1
92141,1
22803,1
63060,1
22954,0
20323,1
14586,0
69582,0
65097,1
92595,0
49995,1
48510,1
34744,1
56725,0
73721,1
44809,1
89835,0
41573,0
99943,1
72688,0
76523,1
76472,1
74922,0
91354,0
58626,0
27865,1
79962,0
90012,0
43242,1
19141,0
31150,0
63578,0
99743,1
36805,1
40803,1
73653,1
22800,0
55624,0
93143,0
57579,0
47178,1
65433,1
27048,1
27566,1
17044,0
36217,1
44825,1
57419,0
78765,0
13101,0
73527,1
50624,1
65194,1
63740,1
39522,1
26539,1
84308,1
90673,1
51087,1
15346,0
36140,1
92029,0
40182,1
24075,0
67426,0
73977,0
23577,1
63117,1
53335,1
76261,0
96096,1
47627,0
62100,0
87605,1
16624,0
54786,0
97086,0
93136,0
58213,1
79711,0
69371,0
42536,0
74638,0
20098,0
19441,1
45893,1
18802,0
31013,0
55739,0
21334,0
76828,1
84929,1
28581,1
31516,0
62692,1
78910,0
67232,1
28857,0
32512,1
56681,0
69851,1
50265,0
91034,0
86337,1
92155,1
82970,0
16743,1
80484,1
25832,0
93478,1
60995,1
74961,0
86860,1
59628,0
58953,1
56298,1
26531,0
55135,1
41508,1
76131,1
30432,0
67431,1
80464,0
86007,1
51599,0
86981,1
97266,1
69866,0
48254,1
79791,0
23351,1
25408,1
43470,0
32740,0
68598,0
37536,1
66572,0
61047,1
